Table Name	AdditionalMetaData	AdditionalMetaData	Aliquot	BodySite	Ethnicity	Experiment	Genotypes	Illness	Illness	Illnesses	Intervention	Intervention	Interventions	Lab	Lab	Lab	Location	Location	Location	Location	Location	Location	Location	RawData	RawDataProtocol	RawDataProtocol	RawDataProtocols	Results	ResultsProtocol	ResultsProtocol	ResultsProtocols	Sample	SampleProtocol	SampleProtocol	SampleProtocols	SampleProtocols	Specimen	Specimen	Specimen	Specimen	Specimen	Specimen	Study	Subjects	Subjects	Subjects	Subjects	Subjects	Subjects	Type
Column Name	DaysSinceExperimentStart	ReportedAntibioticUsage	Aliquot	SpecimenBodySite	Ethnicity	ExperimentName	Genotype	EndDate	StartDate	IllnessName	EndDate	StartDate	InterventionName	ContactEmail	ContactName	PrimaryInvestigator	Biome	Depth	Elevation	Feature	Latitude	Longitude	Material	RawData	RawDataDatePerformed	RawDataProcessor	RawDataProtocolscol	Result	ResultsDatePerformed	ResultsProcessor	ResultsProtocolscol	Sample	SampleDatePerformed	SampleProcessor	ToolName	Version	AdditionalInformation	BarcodeSequence	Description	LinkerPrimerSequence	SampleDate	SampleID	StudyName	BirthYear	Height	HostSubjectId	Nationality	Sex	Weight	SpecimenType
Type	int	bool	str	str	str	str	str	datetime64	datetime64	str	datetime64	datetime64	str	str	str	str	str	int	int	str	int	int	str	str	datetime64	str	str	str 	datetime64	str	str	str	datetime64	str	str	str	str	str	str	str	datetime64	str	str	int	int	int	str	str	int	str
Unit	Day(s) 	None	None	Catagory	None	None	None	None	None	None	None	None	None	None	None	None	Catagory	Meters	Meters	Catagory	Degrees	Degrees	Catagory	None	None	None	None	None	Date	None	None	None	datetime64	None	None	None	None	None	None	None	Date 	None	None	Year	Meters	None	None	(M/F)	Grams	Catagory
Catagories				(Skin, Gut, Oral, Vaginal, Other)													(Mountain, Air, Water, Wastewater, Sediment, Soil, Human)			(Rock, Air, Water, Waste-Water, Sediment, Soil, Human)																														
	0	Yes	here1	gut	European	Illuminate	Neanderthal	2018-12-01	2017-02-21	IBD	2018-02-22	2018-02-21	Fecal Transplant	d.s.t.wallach@gmail.com	GTGCCAGCMGCCGCGGT	Chuck Schumer	Mountain	33234	66346	Rock	-32990	122	Diamond	alright1	2018-01-21	Barack Obama	Protocol1	Basic	2018-03-21	Barack Obama	Protocol2	Stuff1	2015-01-12	Barack Obama	Illumina	0.5.1	NotMuch	AGCTGACTAGTC	1_Fece_10_28_2008	GTGCCAGCMGCCGCGGTAA	2018-01-21	L1S8	Good_Study	1985	63	1	Spanish	F	124	scraping
	0	Yes	here2	gut	European	Illuminate	Neanderthal	2018-12-02	2017-02-22	IBD	2018-02-23	2018-02-22	Fecal Transplant	d.s.t.wallach@gmail.com	GTGCCAGCMGCCGCGGTAA	Chuck Schumer	Mountain	33235	66347	Rock	-32989	123	Diamond	alright2	2018-01-20	Barack Obama	Protocol2	Basics	2018-03-20	Barack Obama	Protocol2	Stuff2	2015-01-13	Barack Obama	Illumina	0.5.2	NotMuch	ATGGCAGCTCTA	2_Fece_10_28_2008	GTGCCAGCMGCCGCGGTAA	2018-01-20	L1S140	Good_Study	1985	63	2	Spanish	F	125	scraping
	84	No	here3	gut	European	Illuminate	Neanderthal	2018-12-03	2017-02-23	IBD	2018-02-24	2018-02-23	Fecal Transplant	d.s.t.wallach@gmail.com	GTGCCAGCMGCCGCGGTAA	Chuck Schumer	Mountain	33236	66348	Rock	-32988	124	Diamond	alright3	2018-01-19	Barack Obama	Protocol3	Complicated	2018-03-19	Barack Obama	Protocol2	Stuff3	2015-01-14	Barack Obama	Illumina	0.5.3	NotMuch	ACACACTATGGC	1_Fece_1_20_2009	GTGCCAGCMGCCGCGGTAA	2018-01-19	L1S57	Good_Study	1985	63	1	Spanish	F	126	scraping
	84	No	here4	gut	European	Illuminate	Neanderthal	2018-12-04	2017-02-24	IBD	2018-02-25	2018-02-24	Fecal Transplant	d.s.t.wallach@gmail.com	GTGCCAGCMGCCGCGGTAA	Chuck Schumer	Mountain	33237	66349	Rock	-32987	125	Diamond	alright4	2018-01-18	Barack Obama	Protocol4	Complex	2018-03-18	Barack Obama	Protocol3	Stuff4	2015-01-15	Barack Obama	Illumina	0.5.4	NotMuch	CTGAGATACGCG	2_Fece_1_20_2009	GTGCCAGCMGCCGCGGTAA	2018-01-18	L1S208	Good_Study	1985	63	2	Spanish	F	127	scraping
	112	No	here5	gut	European	Illuminate	Neanderthal	2018-12-05	2017-02-25	IBD	2018-02-26	2018-02-25	Fecal Transplant	d.s.t.wallach@gmail.com	GTGCCAGCMGCCGCGGTAA	Chuck Schumer	Mountain	33238	66350	Rock	-32986	126	Diamond	alright5	2018-01-17	Barack Obama	Protocol5	Strange	2018-03-17	Barack Obama	Protocol3	Stuff5	2015-01-16	Barack Obama	Illumina	0.5.5	NotMuch	ACTACGTGTGGT	1_Fece_2_17_2009	GTGCCAGCMGCCGCGGTAA	2018-01-17	L1S76	Good_Study	1985	63	1	Spanish	F	128	scraping
	140	No	here6	gut	European	Illuminate	Neanderthal	2018-12-06	2017-02-26	IBD	2018-02-27	2018-02-26	Fecal Transplant	d.s.t.wallach@gmail.com	GTGCCAGCMGCCGCGGTAA	Chuck Schumer	Mountain	33239	66351	Rock	-32985	127	Diamond	alright6	2018-01-16	Barack Obama	Protocol6	Odd	2018-03-16	Barack Obama	Protocol3	Stuff6	2015-01-17	Barack Obama	Illumina	0.5.6	NotMuch	AGTGCGATGCGT	1_Fece_3_17_2009	GTGCCAGCMGCCGCGGTAA	2018-01-16	L1S105	Good_Study	1985	63	1	Spanish	F	129	scraping
	140	No	here7	gut	European	Illuminate	Neanderthal	2018-12-07	2017-02-27	IBD	2018-02-28	2018-02-27	Fecal Transplant	d.s.t.wallach@gmail.com	GTGCCAGCMGCCGCGGTAA	Chuck Schumer	Mountain	33240	66352	Rock	-32984	128	Diamond	alright7	2018-01-15	Barack Obama	Protocol7	Unusual	2018-03-15	Barack Obama	Protocol4	Stuff7	2015-01-18	Barack Obama	Illumina	0.5.7	NotMuch	CCGACTGAGATG	2_Fece_3_17_2009	GTGCCAGCMGCCGCGGTAA	2018-01-15	L1S257	Good_Study	1985	63	2	Spanish	F	130	scraping
	168	No	here8	gut	European	Illuminate	Neanderthal	2018-12-08	2017-02-28	IBD	2018-03-01	2018-02-28	Fecal Transplant	d.s.t.wallach@gmail.com	GTGCCAGCMGCCGCGGTAA	Chuck Schumer	Mountain	33241	66353	Rock	-32983	129	Diamond	alright8	2018-01-14	Barack Obama	Protocol8	Different	2018-03-14	Barack Obama	Protocol4	Stuff8	2015-01-19	Barack Obama	Illumina	0.5.8	NotMuch	CCTCTCGTGATC	2_Fece_4_14_2009	GTGCCAGCMGCCGCGGTAA	2018-01-14	L1S281	Good_Study	1985	63	2	Spanish	F	131	scraping
	0	Yes	here9	left palm	European	Illuminate	Neanderthal	2018-12-09	2017-03-01	IBD	2018-03-02	2018-03-01	Fecal Transplant	d.s.t.wallach@gmail.com	GTGCCAGCMGCCGCGGTAA	Chuck Schumer	Mountain	33242	66354	Rock	-32982	130	Diamond	alright9	2018-01-13	Barack Obama	Protocol9	Basic	2018-03-13	Barack Obama	Protocol4	Stuff9	2015-01-20	Barack Obama	Illumina	0.5.9	NotMuch	CATATCGCAGTT	2_L_Palm_10_28_2008	GTGCCAGCMGCCGCGGTAA	2018-01-13	L2S240	Good_Study	1985	63	2	Spanish	F	132	scraping
	84	No	here10	left palm	European	Illuminate	Neanderthal	2018-12-10	2017-03-02	IBD	2018-03-03	2018-03-02	Fecal Transplant	d.s.t.wallach@gmail.com	GTGCCAGCMGCCGCGGTAA	Chuck Schumer	Mountain	33243	66355	Rock	-32981	131	Diamond	alright10	2018-01-12	Barack Obama	Protocol10	Basics	2018-03-12	Barack Obama	Protocol5	Stuff10	2015-01-21	Barack Obama	Illumina	0.5.10	NotMuch	ACGATGCGACCA	1_L_Palm_1_20_2009	GTGCCAGCMGCCGCGGTAA	2018-01-12	L2S155	Good_Study	1985	63	1	Spanish	F	133	scraping
	84	No	here11	left palm	European	Illuminate	Neanderthal	2018-12-11	2017-03-03	IBD	2018-03-04	2018-03-03	Fecal Transplant	d.s.t.wallach@gmail.com	GTGCCAGCMGCCGCGGTAA	Chuck Schumer	Mountain	33244	66356	Rock	-32980	132	Diamond	alright11	2018-01-11	Barack Obama	Protocol11	Complicated	2018-03-11	Barack Obama	Protocol5	Stuff11	2015-01-22	Barack Obama	Illumina	0.5.11	NotMuch	CGTGCATTATCA	2_L_Palm_1_20_2009	GTGCCAGCMGCCGCGGTAA	2018-01-11	L2S309	Good_Study	1985	63	2	Spanish	F	134	scraping
	112	No	here12	left palm	European	Illuminate	Neanderthal	2018-12-12	2017-03-04	IBD	2018-03-05	2018-03-04	Fecal Transplant	d.s.t.wallach@gmail.com	GTGCCAGCMGCCGCGGTAA	Chuck Schumer	Mountain	33245	66357	Rock	-32979	133	Diamond	alright12	2018-01-10	Barack Obama	Protocol12	Complex	2018-03-10	Barack Obama	Protocol5	Stuff12	2015-01-23	Barack Obama	Illumina	0.5.12	NotMuch	AGCTATCCACGA	1_L_Palm_2_17_2009	GTGCCAGCMGCCGCGGTAA	2018-01-10	L2S175	Good_Study	1985	63	1	Spanish	F	135	scraping
	140	No	here13	left palm	European	Illuminate	Neanderthal	2018-12-13	2017-03-05	IBD	2018-03-06	2018-03-05	Fecal Transplant	d.s.t.wallach@gmail.com	GTGCCAGCMGCCGCGGTAA	Chuck Schumer	Mountain	33246	66358	Rock	-32978	134	Diamond	alright13	2018-01-9	Barack Obama	Protocol13	Strange	2018-03-9	Barack Obama	Protocol6	Stuff13	2015-01-24	Barack Obama	Illumina	0.5.13	NotMuch	ATGCAGCTCAGT	1_L_Palm_3_17_2009	GTGCCAGCMGCCGCGGTAA	2018-01-9	L2S204	Good_Study	1985	63	1	Spanish	F	136	scraping
	140	No	here14	left palm	African	Illuminate	Neanderthal	2018-12-14	2017-03-06	IBD	2018-03-07	2018-03-06	Fecal Transplant	d.s.t.wallach@gmail.com	GTGCCAGCMGCCGCGGTAA	Chuck Schumer	Mountain	33247	66359	Rock	-32977	135	Diamond	alright14	2018-01-8	Barack Obama	Protocol14	Odd	2018-03-8	Barack Obama	Protocol6	Stuff14	2015-01-25	Barack Obama	Illumina	0.5.14	NotMuch	CTAACGCAGTCA	2_L_Palm_3_17_2009	GTGCCAGCMGCCGCGGTAA	2018-01-8	L2S357	Good_Study	1985	63	2	Spanish	F	137	scraping
	168	No	here15	left palm	African	Illuminate	Neanderthal	2018-12-15	2017-03-07	IBD	2018-03-08	2018-03-07	Fecal Transplant	d.s.t.wallach@gmail.com	GTGCCAGCMGCCGCGGTAA	Chuck Schumer	Mountain	33248	66360	Rock	-32976	136	Diamond	alright15	2018-01-7	Barack Obama	Protocol15	Unusual	2018-03-7	Barack Obama	Protocol6	Stuff15	2015-01-26	Barack Obama	Illumina	0.5.15	NotMuch	CACGTGACATGT	1_L_Palm_4_14_2009	GTGCCAGCMGCCGCGGTAA	2018-01-7	L2S222	Good_Study	1985	63	1	Spanish	F	138	scraping
	168	No	here16	left palm	African	Illuminate	Neanderthal	2018-12-16	2017-03-08	IBD	2018-03-09	2018-03-08	Fecal Transplant	d.s.t.wallach@gmail.com	GTGCCAGCMGCCGCGGTAA	Chuck Schumxr	Mountain	33249	66361	Rock	-32975	137	Diamond	alright16	2018-01-6	Barack Obama	Protocol16	Different	2018-03-6	Barack Obama	Protocol7	Stuff16	2015-01-27	Barack Obama	Illumina	0.5.16	NotMuch	CTCAATGACTCA	2_L_Palm_4_14_2009	GTGCCAGCMGCCGCGGTAA	2018-01-6	L2S382	Good_Study	1985	63	2	Spanish	F	139	scraping
	0	Yes	here17	right palm	African	Illuminate	Neanderthal	2018-12-17	2017-03-09	IBD	2018-03-10	2018-03-09	Fecal Transplant	d.s.t.wallach@gmail.com	GTGCCAGCMGCCGCGGTAA	Chuck Schumar	Mountain	33250	66362	Rock	-32974	138	Diamond	alright17	2018-01-5	Barack Obama	Protocol17	Basic	2018-03-5	Barack Obama	Protocol7	Stuff17	2015-01-28	Barack Obama	Illumina	0.5.17	NotMuch	ACAGTTGCGCGA	1_R_Palm_10_28_2008	GTGCCAGCMGCCGCGGTAA	2018-01-5	L3S242	Good_Study	1985	63	1	Spanish	F	140	scraping
	0	Yes	here18	right palm	African	Illuminate	Neanderthal	2018-12-18	2017-03-10	IBD	2018-03-11	2018-03-10	Fecal Transplant	d.s.t.wallach@gmail.com	GTGCCAGCMGCCGCGGTAA	Chuck Schumar	Mountain	33251	66363	Rock	-32973	139	Diamond	alright18	2018-01-4	Barack Obama	Protocol18	Basics	2018-03-4	Barack Obama	Protocol7	Stuff18	2015-01-29	Barack Obama	Illumina	0.5.18	NotMuch	ATCGATCTGTGG	2_R_Palm_10_28_2008	GTGCCAGCMGCCGCGGTAA	2018-01-4	L3S378	Good_Study	1985	63	2	Spanish	F	141	scraping
	84	No	here19	right palm	African	Illuminate	Neanderthal	2018-12-19	2017-03-11	IBD	2018-03-12	2018-03-11	Fecal Transplant	d.s.t.wallach@gmail.com	GTGCCAGCMGCCGCGGTAA	Chuck Schumar	Mountain	33252	66364	Rock	-32972	140	Diamond	alright19	2018-01-3	Barack Obama	Protocol19	Complicated	2018-03-3	Barack Obama	Protocol8	Stuff19	2015-01-30	Barack Obama	Illumina	0.5.19	NotMuch	CACGACAGGCTA	1_R_Palm_1_20_2009	GTGCCAGCMGCCGCGGTAA	2018-01-3	L3S294	Good_Study	1985	63	1	Spanish	F	142	scraping
	84	No	here20	right palm	African	Illuminate	Neanderthal	2018-12-20	2017-03-12	IBD	2018-03-13	2018-03-12	Fecal Transplant	d.s.t.wallach@gmail.com	GTGCCAGCMGCCGCGGTAA	Chuck Schumar	Mountain	33253	66365	Rock	-32971	141	Diamond	alright20	2018-01-2	Barack Obama	Protocol20	Complex	2018-03-2	Barack Obama	Protocol8	Stuff20	2015-01-31	Barack Obama	Illumina	0.5.20	NotMuch	CTCGTGGAGTAG	2_R_Palm_1_20_2009	GTGCCAGCMGCCGCGGTAA	2018-01-2	L4S63	Good_Study	1985	63	2	Spanish	F	143	scraping
	112	No	here21	right palm	African	Illuminate	Neanderthal	2018-12-21	2017-03-13	IBD	2018-03-14	2018-03-13	Fecal Transplant	d.s.t.wallach@gmail.com	GTGCCAGCMGCCGCGGTAA	Chuck Schumar	Mountain	33254	66366	Rock	-32970	142	Diamond	alright21	2018-01-15	Barack Obama	Protocol21	Strange	2018-03-1	Barack Obama	Protocol8	Stuff21	2015-02-01	Barack Obama	Illumina	0.5.21	NotMuch	AGTGTCACGGTG	1_R_Palm_2_17_2009	GTGCCAGCMGCCGCGGTAA	2018-01-15	L3S313	Good_Study	1985	63	1	Spanish	F	144	scraping
	140	No	here22	right palm	African	Illuminate	Neanderthal	2018-12-22	2017-03-14	IBD	2018-03-15	2018-03-14	Fecal Transplant	d.s.t.wallach@gmail.com	GTGCCAGCMGCCGCGGTAA	Chuck Schumar	Mountain	33255	66367	Rock	-32969	143	Diamond	alright22	2018-01-14	Barack Obama	Protocol22	Odd	2018-03-14	Barack Obama	Protocol9	Stuff22	2015-02-02	Barack Obama	Illumina	0.5.22	NotMuch	CAAGTGAGAGAG	1_R_Palm_3_17_2009	GTGCCAGCMGCCGCGGTAA	2018-01-14	L3S341	Good_Study	1985	63	1	Spanish	F	145	scraping
	140	No	here23	right palm	African	Illuminate	Neanderthal	2018-12-23	2017-03-15	IBD	2018-03-16	2018-03-15	Fecal Transplant	d.s.t.wallach@gmail.com	GTGCCAGCMGCCGCGGTAA	Chuck Schumar	Mountain	33256	66368	Rock	-32968	144	Diamond	alright23	2018-01-13	Barack Obama	Protocol23	Unusual	2018-03-13	Barack Obama	Protocol9	Stuff23	2015-02-03	Barack Obama	Illumina	0.5.23	NotMuch	GCGTTACACACA	2_R_Palm_3_17_2009	GTGCCAGCMGCCGCGGTAA	2018-01-13	L4S112	Good_Study	1985	63	2	Spanish	F	146	scraping
	168	No	here24	right palm	American	Illuminate	Neanderthal	2018-12-24	2017-03-16	IBD	2018-03-17	2018-03-16	Fecal Transplant	d.s.t.wallach@gmail.com	GTGCCAGCMGCCGCGGTAA	Chuck Schumar	Mountain	33257	66369	Rock	-32967	145	Diamond	alright24	2018-01-12	Barack Obama	Protocol24	Different	2018-03-12	NA	Protocol9	Stuff24	2015-02-04	Barack Obama	Illumina	0.5.24	NotMuch	CATCGTATCAAC	1_R_Palm_4_14_2009	GTGCCAGCMGCCGCGGTAA	2018-01-12	L3S360	Good_Study	1985	63	1	Spanish	F	147	scraping
	168	No	here25	right palm	American	Illuminate	Neanderthal	2018-12-25	2017-03-17	IBD	2018-03-18	2018-03-17	Fecal Transplant	d.s.t.wallach@gmail.com	GTGCCAGCMGCCGCGGTAA	Chuck Schumar	Mountain	33258	66370	Rock	-32966	146	Diamond	alright25	2018-01-11	Barack Obama	Protocol25	Basic	2018-03-11	Barack Obama	Protocol10	Stuff25	2015-02-05	Barack Obama	Illumina	0.5.25	NotMuch	GAACTGTATCTC	2_R_Palm_4_14_2009	GTGCCAGCMGCCGCGGTAA	2018-01-11	L4S137	Good_Study	1985	63	2	Spanish	F	148	scraping
	0	Yes	here26	tongue	American	Illuminate	Neanderthal	2018-12-26	2017-03-18	IBD	2018-03-19	2018-03-18	Fecal Transplant	d.s.t.wallach@gmail.com	GTGCCAGCMGCCGCGGTAA	Chuck Schumar	Mountain	33259	66371	Rock	-32965	147	Diamond	alright26	2018-01-10	Barack Obama	Protocol26	Basics	2018-03-10	Barack Obama	Protocol10	Stuff26	2015-02-06	Barack Obama	Illumina	0.5.26	NotMuch	CAGTGTCAGGAC	1_Tong_10_28_2008	GTGCCAGCMGCCGCGGTAA	2018-01-10	L5S104	Good_Study	1985	63	1	Spanish	F	149	scraping
	0	Yes	here27	tongue	American	Illuminate	Neanderthal	2018-12-27	2017-03-19	IBD	2018-03-20	2018-03-19	Fecal Transplant	d.s.t.wallach@gmail.com	GTGCCAGCMGCCGCGGTAA	Chuck Schumtr	Mountain	33260	66372	Rock	-32964	148	Diamond	alright27	2018-01-9	NA	Protocol27	Complicated	2018-03-9	Barack Obama	Protocol10	Stuff27	2015-02-07	Barack Obama	Illumina	0.5.27	NotMuch	CTGGACTCATAG	2_Tong_10_28_2008	GTGCCAGCMGCCGCGGTAA	2018-01-9	L5S240	Good_Study	1985	63	2	Spanish	F	150	scraping
	84	No	here28	tongue	American	Illuminate	Neanderthal	2018-12-28	2017-03-20	IBD	2018-03-21	2018-03-20	Fecal Transplant	d.s.t.wallach@gmail.com	GTGCCAGCMGCCGCGGTAA	Chuck Schumar	Mountain	33261	66373	Rock	-32963	149	Diamond	alright28	2018-01-8	Barack Obama	Protocol28	Complex	2018-03-8	Barack Obama	Protocol11	Stuff28	2015-02-08	Barack Obama	Illumina	0.5.28	NotMuch	ATCTTAGACTGC	1_Tong_1_20_2009	GTGCCAGCMGCCGCGGTAA	2018-01-8	L5S155	Good_Study	1985	63	1	Spanish	F	151	scraping
	84	No	here29	tongue	American	Illuminate	Neanderthal	2018-12-29	2017-03-21	IBD	2018-03-22	2018-03-21	Fecal Transplant	d.s.t.wallach@gmail.com	GTGCCAGCMGCCGCGGTAA	Chuck Schumar	Mountain	33262	66374	Rock	-32962	150	Diamond	alright29	2018-01-7	Barack Obama	Protocol29	Strange	2018-03-7	Barack Obama	Protocol11	Stuff29	2015-02-09	Barack Obama	Illumina	0.5.29	NotMuch	GAGGCTCATCAT	2_Tong_1_20_2009	GTGCCAGCMGCCGCGGTAA	2018-01-7	L6S20	Good_Study	1985	63	2	Spanish	F	152	scraping
	112	No	here30	tongue	American	Illuminate	Neanderthal	2018-12-30	2017-03-22	IBD	2018-03-23	2018-03-22	Fecal Transplant	d.s.t.wallach@gmail.com	GTGCCAGCMGCCGCGGTAA	Chuck Schumar	Mountain	33263	66375	Rock	-32961	151	Diamond	alright30	2018-01-6	Barack Obama	Protocol30	Odd	2018-03-6	Barack Obama	Protocol11	Stuff30	2015-02-10	Barack Obama	Illumina	0.5.30	NotMuch	CAGACATTGCGT	1_Tong_2_17_2009	GTGCCAGCMGCCGCGGTAA	2018-01-6	L5S174	Good_Study	1985	63	1	Spanish	F	153	scraping
	140	No	here31	tongue	American	Illuminate	Neanderthal	2018-12-31	2017-03-23	IBD	2018-03-24	2018-03-23	Fecal Transplant	d.s.t.wallach@gmail.com	GTGCCAGCMGCCGCGGTAA	Chuck Schumar	Mountain	33264	66376	Rock	-32960	152	Diamond	alright31	2018-01-5	Barack Obama	Protocol31	Unusual	2018-03-5	Barack Obama	Protocol12	Stuff31	2015-02-11	Barack Obama	Illumina	0.5.31	NotMuch	CGATGCACCAGA	1_Tong_3_17_2009	GTGCCAGCMGCCGCGGTAA	2018-01-5	L5S203	Good_Study	1985	63	1	Spanish	F	154	scraping
	140	No	here32	tongue	American	Illuminate	Neanderthal	2019-01-01	2017-03-24	IBD	2018-03-25	2018-03-24	Fecal Transplant	d.s.t.wallach@gmail.com	GTGCCAGCMGCCGCGGTAA	Chuck Schumar	Mountain	33265	66377	Rock	-32959	153	Diamond	alright32	2018-01-4	Barack Obama	Protocol32	Different	2018-03-4	Barack Obama	Protocol12	Stuff32	2015-02-12	Barack Obama	Illumina	0.5.32	NotMuch	GATACGTCCTGA	2_Tong_3_17_2009	GTGCCAGCMGCCGCGGTAA	2018-01-4	L6S68	Good_Study	1985	63	2	Spanish	F	155	scraping
	168	No	here33	tongue	American	Illuminate	Neanderthal	2019-01-02	2017-03-25	IBD	2018-03-26	2018-03-25	Fecal Transplant	d.s.t.wallach@gmail.com	GTGCCAGCMGCCGCGGTAA	Chuck Schumar	Mountain	33266	66378	Rock	-32958	154	Diamond	alright33	2018-01-3	Barack Obama	Protocol33	Basic	2018-03-3	Barack Obama	Protocol12	Stuff33	2015-02-13	Barack Obama	Illumina	0.5.33	NotMuch	CTAGAGACTCTT	1_Tong_4_14_2009	GTGCCAGCMGCCGCGGTAA	2018-01-3	L5S222	Good_Study	1985	63	1	Spanish	F	156	scraping
	168	No	here34	tongue	American	Illuminate	Neanderthal	2019-01-03	2017-03-26	IBD	2018-03-27	2018-03-26	Fecal Transplant	d.s.t.wallach@gmail.com	GTGCCAGCMGCCGCGGTAA	Chuck Schumar	Mountain	33267	66379	Rock	-32957	155	Diamond	alright34	2018-01-2	Barack Obama	Protocol34	Basics	2018-03-2	Barack Obama	Protocol12	Stuff34	2015-02-14	Barack Obama	Illumina	0.5.34	NotMuch	GATTAGCACTCT	2_Tong_4_14_2009	GTGCCAGCMGCCGCGGTAA	2018-01-2	L6S93	Good_Study	1985	63	2	Spanish	F	157	scraping
