"AdditionalMetaData"	"AdditionalMetaData"	"Aliquot"	"BodySite"	"CollectionSite"	"CollectionSite"	"CollectionSite"	"CollectionSite"	"CollectionSite"	"CollectionSite"	"CollectionSite"	"CollectionSite"	"CollectionSite"	"CollectionSite"	"Ethnicity"	"Experiment"	"Genotypes"	"Illness"	"Illness"	"Illnesses"	"Intervention"	"Intervention"	"Interventions"	"Lab"	"Lab"	"Lab"	"RawData"	"RawDataProtocol"	"RawDataProtocol"	"RawDataProtocols"	"RawDataProtocols"	"RawDataProtocols"	"RawDataProtocols"	"RawDataProtocols"	"RawDataProtocols"	"RawDataProtocols"	"Results"	"ResultsProtocol"	"ResultsProtocol"	"ResultsProtocols"	"ResultsProtocols"	"ResultsProtocols"	"Sample"	"SampleProtocol"	"SampleProtocol"	"SampleProtocol"	"SampleProtocols"	"SampleProtocols"	"SampleProtocols"	"Specimen"	"Specimen"	"Specimen"	"Specimen"	"Specimen"	"Specimen"	"Specimen"	"Specimen"	"Study"	"Study"	"Study"	"Subjects"	"Subjects"	"Subjects"	"Subjects"	"Subjects"	"Subjects"	"Type"
"DaysSinceExperimentStart"	"ReportedAntibioticUsage"	"Aliquot"	"SpecimenBodySite"	"Biome"	"Depth"	"Elevation"	"Environment"	"Feature"	"Latitude"	"Longitude"	"Material"	"Name"	"Technician"	"Ethnicity"	"ExperimentName"	"Genotype"	"EndDate"	"StartDate"	"IllnessName"	"EndDate"	"StartDate"	"InterventionName"	"ContactEmail"	"ContactName"	"PrimaryInvestigator"	"RawData"	"RawDataDatePerformed"	"RawDataProcessor"	"Conditions"	"FinishingStrategyCoverage"	"FinishingStrategyStatus"	"NumberOfContigs"	"Primer"	"SequencingMethod"	"TargetGene"	"Result"	"ResultsDatePerformed"	"ResultsProcessor"	"Method"	"ToolName"	"Version"	"Sample"	"AdditionalInformation"	"SampleDatePerformed"	"SampleProcessor"	"Conditions"	"ToolName"	"Version"	"AdditionalInformation"	"BarcodeSequence"	"CollectionDate"	"CollectionTime"	"Description"	"LinkerPrimerSequence"	"SpecimenID"	"SpecimenName"	"RelevantLinks"	"StudyType"	"StudyName"	"BirthYear"	"Height"	"HostSubjectId"	"Nationality"	"Sex"	"Weight"	"SpecimenType"
0	"Yes"	"here1"	"gut"	"Mountain"	33234	66346	"Grassland"	"Earth"	-32990	122	"Diamond"	"Mount Sinai"	"Charles"	"European"	"Illuminater"	"Lucy"	"2018-12-01"	"2017-02-21"	"IBD"	"2018-02-22"	"2018-02-21"	"Heart Transplant"	"Some.guy@gmail.com"	"GTGCCAGCMGCCGCGGT"	"Chuck Schumer"	"alright1"	"2018-01-21"	"Barack Obama"	"Normal"	"Full"	"Finished"	12	"E. Coli"	"Illumina"	"16S"	"Basic"	"2018-03-21"	"Barack Obama"	"Protocol2"	"Qiime"	2	"Things1"	"Nothing"	"2015-01-12"	"Barack Obama"	"Normal"	"Illumina"	"0.5.1"	"Alot"	"AGCTGACTAGTC"	"2018-01-21"	"12:00"	"1_Fece_10_28_2008"	"GTGCCAGCMGCCGCGGTAA"	"L1S8"	"Chuck"	"https://github.com/clementelab/mmeds-meta"	"Nice"	"Good_Study"	1905	63	1	"French"	"F"	124	"scraping"
0	"Yes"	"here2"	"gut"	"Mountain"	33235	66347	"Grassland"	"Earth"	-32989	123	"Diamond"	"Mount Sinai"	"Charles"	"European"	"Illuminater"	"Lucy"	"2018-12-02"	"2017-02-22"	"IBD"	"2018-02-23"	"2018-02-22"	"Heart Transplant"	"Some.guy@gmail.com"	"GTGCCAGCMGCCGCGGTAA"	"Chuck Schumer"	"alright2"	"2018-01-20"	"Barack Obama"	"Normal"	"Full"	"Finished"	13	"E. Coli"	"Illumina"	"17S"	"Basics"	"2018-03-20"	"Barack Obama"	"Protocol2"	"Qiime"	2	"Things2"	"Nothing"	"2015-01-13"	"Barack Obama"	"Normal"	"Illumina"	"0.5.2"	"Alot"	"ATGGCAGCTCTA"	"2018-01-20"	"12:01"	"2_Fece_10_28_2008"	"GTGCCAGCMGCCGCGGTAA"	"L1S140"	"Chuck"	"https://github.com/clementelab/mmeds-meta"	"Nice"	"Good_Study"	1906	63	2	"French"	"F"	125	"scraping"
84	"No"	"here3"	"gut"	"Mountain"	33236	66348	"Grassland"	"Earth"	-32988	124	"Diamond"	"Mount Sinai"	"Charles"	"European"	"Illuminater"	"Lucy"	"2018-12-03"	"2017-02-23"	"IBD"	"2018-02-24"	"2018-02-23"	"Heart Transplant"	"Some.guy@gmail.com"	"GTGCCAGCMGCCGCGGTAA"	"Chuck Schumer"	"alright3"	"2018-01-19"	"Barack Obama"	"Normal"	"Full"	"Finished"	14	"E. Coli"	"Illumina"	"18S"	"Complicated"	"2018-03-19"	"Barack Obama"	"Protocol2"	"Qiime"	2	"Things3"	"Nothing"	"2015-01-14"	"Barack Obama"	"Normal"	"Illumina"	"0.5.3"	"Alot"	"ACACACTATGGC"	"2018-01-19"	"12:02"	"1_Fece_1_20_2009"	"GTGCCAGCMGCCGCGGTAA"	"L1S57"	"Chuck"	"https://github.com/clementelab/mmeds-meta"	"Nice"	"Good_Study"	1907	63	3	"French"	"F"	126	"scraping"
84	"No"	"here4"	"gut"	"Mountain"	33237	66349	"Grassland"	"Earth"	-32987	125	"Diamond"	"Mount Sinai"	"Charles"	"European"	"Illuminater"	"Lucy"	"2018-12-04"	"2017-02-24"	"IBD"	"2018-02-25"	"2018-02-24"	"Heart Transplant"	"Some.guy@gmail.com"	"GTGCCAGCMGCCGCGGTAA"	"Chuck Schumer"	"alright4"	"2018-01-18"	"Barack Obama"	"Normal"	"Full"	"Finished"	15	"E. Coli"	"Illumina"	"19S"	"Complex"	"2018-03-18"	"Barack Obama"	"Protocol3"	"Qiime"	2	"Things4"	"Nothing"	"2015-01-15"	"Barack Obama"	"Normal"	"Illumina"	"0.5.4"	"Alot"	"CTGAGATACGCG"	"2018-01-18"	"12:03"	"2_Fece_1_20_2009"	"GTGCCAGCMGCCGCGGTAA"	"L1S208"	"Chuck"	"https://github.com/clementelab/mmeds-meta"	"Nice"	"Good_Study"	1908	63	4	"French"	"F"	127	"scraping"
112	"No"	"here5"	"gut"	"Mountain"	33238	66350	"Grassland"	"Earth"	-32986	126	"Diamond"	"Mount Sinai"	"Charles"	"European"	"Illuminater"	"Lucy"	"2018-12-05"	"2017-02-25"	"IBD"	"2018-02-26"	"2018-02-25"	"Heart Transplant"	"Some.guy@gmail.com"	"GTGCCAGCMGCCGCGGTAA"	"Chuck Schumer"	"alright5"	"2018-01-17"	"Barack Obama"	"Normal"	"Full"	"Finished"	16	"E. Coli"	"Illumina"	"20S"	"Strange"	"2018-03-17"	"Barack Obama"	"Protocol3"	"Qiime"	2	"Things5"	"Nothing"	"2015-01-16"	"Barack Obama"	"Normal"	"Illumina"	"0.5.5"	"Alot"	"ACTACGTGTGGT"	"2018-01-17"	"12:04"	"1_Fece_2_17_2009"	"GTGCCAGCMGCCGCGGTAA"	"L1S76"	"Chuck"	"https://github.com/clementelab/mmeds-meta"	"Nice"	"Good_Study"	1909	63	5	"French"	"F"	128	"scraping"
140	"No"	"here6"	"gut"	"Mountain"	33239	66351	"Grassland"	"Earth"	-32985	127	"Diamond"	"Mount Sinai"	"Charles"	"European"	"Illuminater"	"Lucy"	"2018-12-06"	"2017-02-26"	"IBD"	"2018-02-27"	"2018-02-26"	"Heart Transplant"	"Some.guy@gmail.com"	"GTGCCAGCMGCCGCGGTAA"	"Chuck Schumer"	"alright6"	"2018-01-16"	"Barack Obama"	"Normal"	"Full"	"Finished"	17	"E. Coli"	"Illumina"	"21S"	"Odd"	"2018-03-16"	"Barack Obama"	"Protocol3"	"Qiime"	2	"Things6"	"Nothing"	"2015-01-17"	"Barack Obama"	"Normal"	"Illumina"	"0.5.6"	"Alot"	"AGTGCGATGCGT"	"2018-01-16"	"12:05"	"1_Fece_3_17_2009"	"GTGCCAGCMGCCGCGGTAA"	"L1S105"	"Chuck"	"https://github.com/clementelab/mmeds-meta"	"Nice"	"Good_Study"	1910	63	6	"French"	"F"	129	"scraping"
140	"No"	"here7"	"gut"	"Mountain"	33240	66352	"Grassland"	"Earth"	-32984	128	"Diamond"	"Mount Sinai"	"Charles"	"European"	"Illuminater"	"Lucy"	"2018-12-07"	"2017-02-27"	"IBD"	"2018-02-28"	"2018-02-27"	"Heart Transplant"	"Some.guy@gmail.com"	"GTGCCAGCMGCCGCGGTAA"	"Chuck Schumer"	"alright7"	"2018-01-15"	"Barack Obama"	"Normal"	"Full"	"Finished"	18	"E. Coli"	"Illumina"	"22S"	"Unusual"	"2018-03-15"	"Barack Obama"	"Protocol4"	"Qiime"	2	"Things7"	"Nothing"	"2015-01-18"	"Barack Obama"	"Normal"	"Illumina"	"0.5.7"	"Alot"	"CCGACTGAGATG"	"2018-01-15"	"12:06"	"2_Fece_3_17_2009"	"GTGCCAGCMGCCGCGGTAA"	"L1S257"	"Chuck"	"https://github.com/clementelab/mmeds-meta"	"Nice"	"Good_Study"	1911	63	7	"French"	"F"	130	"scraping"
168	"No"	"here8"	"gut"	"Mountain"	33241	66353	"Grassland"	"Earth"	-32983	129	"Diamond"	"Mount Sinai"	"Charles"	"European"	"Illuminater"	"Lucy"	"2018-12-08"	"2017-02-28"	"IBD"	"2018-03-01"	"2018-02-28"	"Heart Transplant"	"Some.guy@gmail.com"	"GTGCCAGCMGCCGCGGTAA"	"Chuck Schumer"	"alright8"	"2018-01-14"	"Barack Obama"	"Normal"	"Full"	"Finished"	19	"E. Coli"	"Illumina"	"23S"	"Different"	"2018-03-14"	"Barack Obama"	"Protocol4"	"Qiime"	2	"Things8"	"Nothing"	"2015-01-19"	"Barack Obama"	"Normal"	"Illumina"	"0.5.8"	"Alot"	"CCTCTCGTGATC"	"2018-01-14"	"12:07"	"2_Fece_4_14_2009"	"GTGCCAGCMGCCGCGGTAA"	"L1S281"	"Chuck"	"https://github.com/clementelab/mmeds-meta"	"Nice"	"Good_Study"	1912	63	8	"French"	"F"	131	"scraping"
0	"Yes"	"here9"	"left palm"	"Mountain"	33242	66354	"Grassland"	"Earth"	-32982	130	"Diamond"	"Mount Sinai"	"Charles"	"European"	"Illuminater"	"Lucy"	"2018-12-09"	"2017-03-01"	"IBD"	"2018-03-02"	"2018-03-01"	"Heart Transplant"	"Some.guy@gmail.com"	"GTGCCAGCMGCCGCGGTAA"	"Chuck Schumer"	"alright9"	"2018-01-13"	"Barack Obama"	"Normal"	"Full"	"Finished"	20	"E. Coli"	"Illumina"	"24S"	"Basic"	"2018-03-13"	"Barack Obama"	"Protocol4"	"Qiime"	2	"Things9"	"Nothing"	"2015-01-20"	"Barack Obama"	"Normal"	"Illumina"	"0.5.9"	"Alot"	"CATATCGCAGTT"	"2018-01-13"	"12:08"	"2_L_Palm_10_28_2008"	"GTGCCAGCMGCCGCGGTAA"	"L2S240"	"Chuck"	"https://github.com/clementelab/mmeds-meta"	"Nice"	"Good_Study"	1913	63	9	"French"	"F"	132	"scraping"
84	"No"	"here10"	"left palm"	"Mountain"	33243	66355	"Grassland"	"Earth"	-32981	131	"Diamond"	"Mount Sinai"	"Charles"	"European"	"Illuminater"	"Lucy"	"2018-12-10"	"2017-03-02"	"IBD"	"2018-03-03"	"2018-03-02"	"Heart Transplant"	"Some.guy@gmail.com"	"GTGCCAGCMGCCGCGGTAA"	"Chuck Schumer"	"alright10"	"2018-01-12"	"Barack Obama"	"Normal"	"Full"	"Finished"	21	"E. Coli"	"Illumina"	"25S"	"Basics"	"2018-03-12"	"Barack Obama"	"Protocol5"	"Qiime"	2	"Things10"	"Nothing"	"2015-01-21"	"Barack Obama"	"Normal"	"Illumina"	"0.5.10"	"Alot"	"ACGATGCGACCA"	"2018-01-12"	"12:09"	"1_L_Palm_1_20_2009"	"GTGCCAGCMGCCGCGGTAA"	"L2S155"	"Chuck"	"https://github.com/clementelab/mmeds-meta"	"Nice"	"Good_Study"	1914	63	10	"French"	"F"	133	"scraping"
84	"No"	"here11"	"left palm"	"Mountain"	33244	66356	"Grassland"	"Earth"	-32980	132	"Diamond"	"Mount Sinai"	"Charles"	"European"	"Illuminater"	"Lucy"	"2018-12-11"	"2017-03-03"	"IBD"	"2018-03-04"	"2018-03-03"	"Heart Transplant"	"Some.guy@gmail.com"	"GTGCCAGCMGCCGCGGTAA"	"Chuck Schumer"	"alright11"	"2018-01-11"	"Barack Obama"	"Normal"	"Full"	"Finished"	22	"E. Coli"	"Illumina"	"26S"	"Complicated"	"2018-03-11"	"Barack Obama"	"Protocol5"	"Qiime"	2	"Things11"	"Nothing"	"2015-01-22"	"Barack Obama"	"Normal"	"Illumina"	"0.5.11"	"Alot"	"CGTGCATTATCA"	"2018-01-11"	"12:10"	"2_L_Palm_1_20_2009"	"GTGCCAGCMGCCGCGGTAA"	"L2S309"	"Chuck"	"https://github.com/clementelab/mmeds-meta"	"Nice"	"Good_Study"	1915	63	11	"French"	"F"	134	"scraping"
112	"No"	"here12"	"left palm"	"Mountain"	33245	66357	"Grassland"	"Earth"	-32979	133	"Diamond"	"Mount Sinai"	"Charles"	"European"	"Illuminater"	"Lucy"	"2018-12-12"	"2017-03-04"	"IBD"	"2018-03-05"	"2018-03-04"	"Heart Transplant"	"Some.guy@gmail.com"	"GTGCCAGCMGCCGCGGTAA"	"Chuck Schumer"	"alright12"	"2018-01-10"	"Barack Obama"	"Normal"	"Full"	"Finished"	23	"E. Coli"	"Illumina"	"27S"	"Complex"	"2018-03-10"	"Barack Obama"	"Protocol5"	"Qiime"	2	"Things12"	"Nothing"	"2015-01-23"	"Barack Obama"	"Normal"	"Illumina"	"0.5.12"	"Alot"	"AGCTATCCACGA"	"2018-01-10"	"12:11"	"1_L_Palm_2_17_2009"	"GTGCCAGCMGCCGCGGTAA"	"L2S175"	"Chuck"	"https://github.com/clementelab/mmeds-meta"	"Nice"	"Good_Study"	1916	63	12	"French"	"F"	135	"scraping"
140	"No"	"here13"	"left palm"	"Mountain"	33246	66358	"Grassland"	"Earth"	-32978	134	"Diamond"	"Mount Sinai"	"Charles"	"European"	"Illuminater"	"Lucy"	"2018-12-13"	"2017-03-05"	"IBD"	"2018-03-06"	"2018-03-05"	"Heart Transplant"	"Some.guy@gmail.com"	"GTGCCAGCMGCCGCGGTAA"	"Chuck Schumer"	"alright13"	"2018-01-9"	"Barack Obama"	"Normal"	"Full"	"Finished"	24	"E. Coli"	"Illumina"	"28S"	"Strange"	"2018-03-9"	"Barack Obama"	"Protocol6"	"Qiime"	2	"Things13"	"Nothing"	"2015-01-24"	"Barack Obama"	"Normal"	"Illumina"	"0.5.13"	"Alot"	"ATGCAGCTCAGT"	"2018-01-9"	"12:12"	"1_L_Palm_3_17_2009"	"GTGCCAGCMGCCGCGGTAA"	"L2S204"	"Chuck"	"https://github.com/clementelab/mmeds-meta"	"Nice"	"Good_Study"	1917	63	13	"French"	"F"	136	"scraping"
140	"No"	"here14"	"left palm"	"Mountain"	33247	66359	"Grassland"	"Earth"	-32977	135	"Diamond"	"Mount Sinai"	"Charles"	"African"	"Illuminater"	"Lucy"	"2018-12-14"	"2017-03-06"	"IBD"	"2018-03-07"	"2018-03-06"	"Heart Transplant"	"Some.guy@gmail.com"	"GTGCCAGCMGCCGCGGTAA"	"Chuck Schumer"	"alright14"	"2018-01-8"	"Barack Obama"	"Normal"	"Full"	"Finished"	25	"E. Coli"	"Illumina"	"29S"	"Odd"	"2018-03-8"	"Barack Obama"	"Protocol6"	"Qiime"	2	"Things14"	"Nothing"	"2015-01-25"	"Barack Obama"	"Normal"	"Illumina"	"0.5.14"	"Alot"	"CTAACGCAGTCA"	"2018-01-8"	"12:13"	"2_L_Palm_3_17_2009"	"GTGCCAGCMGCCGCGGTAA"	"L2S357"	"Chuck"	"https://github.com/clementelab/mmeds-meta"	"Nice"	"Good_Study"	1918	63	14	"French"	"F"	137	"scraping"
168	"No"	"here15"	"left palm"	"Mountain"	33248	66360	"Grassland"	"Earth"	-32976	136	"Diamond"	"Mount Sinai"	"Charles"	"African"	"Illuminater"	"Lucy"	"2018-12-15"	"2017-03-07"	"IBD"	"2018-03-08"	"2018-03-07"	"Heart Transplant"	"Some.guy@gmail.com"	"GTGCCAGCMGCCGCGGTAA"	"Chuck Schumer"	"alright15"	"2018-01-7"	"Barack Obama"	"Normal"	"Full"	"Finished"	26	"E. Coli"	"Illumina"	"30S"	"Unusual"	"2018-03-7"	"Barack Obama"	"Protocol6"	"Qiime"	2	"Things15"	"Nothing"	"2015-01-26"	"Barack Obama"	"Normal"	"Illumina"	"0.5.15"	"Alot"	"CACGTGACATGT"	"2018-01-7"	"12:14"	"1_L_Palm_4_14_2009"	"GTGCCAGCMGCCGCGGTAA"	"L2S222"	"Chuck"	"https://github.com/clementelab/mmeds-meta"	"Nice"	"Good_Study"	1919	63	15	"French"	"F"	138	"scraping"
168	"No"	"here16"	"left palm"	"Mountain"	33249	66361	"Grassland"	"Earth"	-32975	137	"Diamond"	"Mount Sinai"	"Charles"	"African"	"Illuminater"	"Lucy"	"2018-12-16"	"2017-03-08"	"IBD"	"2018-03-09"	"2018-03-08"	"Heart Transplant"	"Some.guy@gmail.com"	"GTGCCAGCMGCCGCGGTAA"	"Chuck Schumxr"	"alright16"	"2018-01-6"	"Barack Obama"	"Normal"	"Full"	"Finished"	27	"E. Coli"	"Illumina"	"31S"	"Different"	"2018-03-6"	"Barack Obama"	"Protocol7"	"Qiime"	2	"Things16"	"Nothing"	"2015-01-27"	"Barack Obama"	"Normal"	"Illumina"	"0.5.16"	"Alot"	"CTCAATGACTCA"	"2018-01-6"	"12:15"	"2_L_Palm_4_14_2009"	"GTGCCAGCMGCCGCGGTAA"	"L2S382"	"Chuck"	"https://github.com/clementelab/mmeds-meta"	"Nice"	"Good_Study"	1920	63	16	"French"	"F"	139	"scraping"
0	"Yes"	"here17"	"right palm"	"Mountain"	33250	66362	"Grassland"	"Earth"	-32974	138	"Diamond"	"Mount Sinai"	"Charles"	"African"	"Illuminater"	"Lucy"	"2018-12-17"	"2017-03-09"	"IBD"	"2018-03-10"	"2018-03-09"	"Heart Transplant"	"Some.guy@gmail.com"	"GTGCCAGCMGCCGCGGTAA"	"Chuck Schumar"	"alright17"	"2018-01-5"	"Barack Obama"	"Normal"	"Full"	"Finished"	28	"E. Coli"	"Illumina"	"32S"	"Basic"	"2018-03-5"	"Barack Obama"	"Protocol7"	"Qiime"	2	"Things17"	"Nothing"	"2015-01-28"	"Barack Obama"	"Normal"	"Illumina"	"0.5.17"	"Alot"	"ACAGTTGCGCGA"	"2018-01-5"	"12:16"	"1_R_Palm_10_28_2008"	"GTGCCAGCMGCCGCGGTAA"	"L3S242"	"Chuck"	"https://github.com/clementelab/mmeds-meta"	"Nice"	"Good_Study"	1921	63	17	"French"	"F"	140	"scraping"
0	"Yes"	"here18"	"right palm"	"Mountain"	33251	66363	"Grassland"	"Earth"	-32973	139	"Diamond"	"Mount Sinai"	"Charles"	"African"	"Illuminater"	"Lucy"	"2018-12-18"	"2017-03-10"	"IBD"	"2018-03-11"	"2018-03-10"	"Heart Transplant"	"Some.guy@gmail.com"	"GTGCCAGCMGCCGCGGTAA"	"Chuck Schumar"	"alright18"	"2018-01-4"	"Barack Obama"	"Normal"	"Full"	"Finished"	29	"E. Coli"	"Illumina"	"33S"	"Basics"	"2018-03-4"	"Barack Obama"	"Protocol7"	"Qiime"	2	"Things18"	"Nothing"	"2015-01-29"	"Barack Obama"	"Normal"	"Illumina"	"0.5.18"	"Alot"	"ATCGATCTGTGG"	"2018-01-4"	"12:17"	"2_R_Palm_10_28_2008"	"GTGCCAGCMGCCGCGGTAA"	"L3S378"	"Chuck"	"https://github.com/clementelab/mmeds-meta"	"Nice"	"Good_Study"	1922	63	18	"French"	"F"	141	"scraping"
84	"No"	"here19"	"right palm"	"Mountain"	33252	66364	"Grassland"	"Earth"	-32972	140	"Diamond"	"Mount Sinai"	"Charles"	"African"	"Illuminater"	"Lucy"	"2018-12-19"	"2017-03-11"	"IBD"	"2018-03-12"	"2018-03-11"	"Heart Transplant"	"Some.guy@gmail.com"	"GTGCCAGCMGCCGCGGTAA"	"Chuck Schumar"	"alright19"	"2018-01-3"	"Barack Obama"	"Normal"	"Full"	"Finished"	30	"E. Coli"	"Illumina"	"34S"	"Complicated"	"2018-03-3"	"Barack Obama"	"Protocol8"	"Qiime"	2	"Things19"	"Nothing"	"2015-01-30"	"Barack Obama"	"Normal"	"Illumina"	"0.5.19"	"Alot"	"CACGACAGGCTA"	"2018-01-3"	"12:18"	"1_R_Palm_1_20_2009"	"GTGCCAGCMGCCGCGGTAA"	"L3S294"	"Chuck"	"https://github.com/clementelab/mmeds-meta"	"Nice"	"Good_Study"	1923	63	19	"French"	"F"	142	"scraping"
84	"No"	"here20"	"right palm"	"Mountain"	33253	66365	"Grassland"	"Earth"	-32971	141	"Diamond"	"Mount Sinai"	"Charles"	"African"	"Illuminater"	"Lucy"	"2018-12-20"	"2017-03-12"	"IBD"	"2018-03-13"	"2018-03-12"	"Heart Transplant"	"Some.guy@gmail.com"	"GTGCCAGCMGCCGCGGTAA"	"Chuck Schumar"	"alright20"	"2018-01-2"	"Barack Obama"	"Normal"	"Full"	"Finished"	31	"E. Coli"	"Illumina"	"35S"	"Complex"	"2018-03-2"	"Barack Obama"	"Protocol8"	"Qiime"	2	"Things20"	"Nothing"	"2015-01-31"	"Barack Obama"	"Normal"	"Illumina"	"0.5.20"	"Alot"	"CTCGTGGAGTAG"	"2018-01-2"	"12:19"	"2_R_Palm_1_20_2009"	"GTGCCAGCMGCCGCGGTAA"	"L4S63"	"Chuck"	"https://github.com/clementelab/mmeds-meta"	"Nice"	"Good_Study"	1924	63	20	"French"	"F"	143	"scraping"
112	"No"	"here21"	"right palm"	"Mountain"	33254	66366	"Grassland"	"Earth"	-32970	142	"Diamond"	"Mount Sinai"	"Charles"	"African"	"Illuminater"	"Lucy"	"2018-12-21"	"2017-03-13"	"IBD"	"2018-03-14"	"2018-03-13"	"Heart Transplant"	"Some.guy@gmail.com"	"GTGCCAGCMGCCGCGGTAA"	"Chuck Schumar"	"alright21"	"2018-01-15"	"Barack Obama"	"Normal"	"Full"	"Finished"	32	"E. Coli"	"Illumina"	"36S"	"Strange"	"2018-03-1"	"Barack Obama"	"Protocol8"	"Qiime"	2	"Things21"	"Nothing"	"2015-02-01"	"Barack Obama"	"Normal"	"Illumina"	"0.5.21"	"Alot"	"AGTGTCACGGTG"	"2018-01-15"	"12:20"	"1_R_Palm_2_17_2009"	"GTGCCAGCMGCCGCGGTAA"	"L3S313"	"Chuck"	"https://github.com/clementelab/mmeds-meta"	"Nice"	"Good_Study"	1925	63	21	"French"	"F"	144	"scraping"
140	"No"	"here22"	"right palm"	"Mountain"	33255	66367	"Grassland"	"Earth"	-32969	143	"Diamond"	"Mount Sinai"	"Charles"	"African"	"Illuminater"	"Lucy"	"2018-12-22"	"2017-03-14"	"IBD"	"2018-03-15"	"2018-03-14"	"Heart Transplant"	"Some.guy@gmail.com"	"GTGCCAGCMGCCGCGGTAA"	"Chuck Schumar"	"alright22"	"2018-01-14"	"Barack Obama"	"Normal"	"Full"	"Finished"	33	"E. Coli"	"Illumina"	"37S"	"Odd"	"2018-03-14"	"Barack Obama"	"Protocol9"	"Qiime"	2	"Things22"	"Nothing"	"2015-02-02"	"Barack Obama"	"Normal"	"Illumina"	"0.5.22"	"Alot"	"CAAGTGAGAGAG"	"2018-01-14"	"12:21"	"1_R_Palm_3_17_2009"	"GTGCCAGCMGCCGCGGTAA"	"L3S341"	"Chuck"	"https://github.com/clementelab/mmeds-meta"	"Nice"	"Good_Study"	1926	63	22	"French"	"F"	145	"scraping"
140	"No"	"here23"	"right palm"	"Mountain"	33256	66368	"Grassland"	"Earth"	-32968	144	"Diamond"	"Mount Sinai"	"Charles"	"African"	"Illuminater"	"Lucy"	"2018-12-23"	"2017-03-15"	"IBD"	"2018-03-16"	"2018-03-15"	"Heart Transplant"	"Some.guy@gmail.com"	"GTGCCAGCMGCCGCGGTAA"	"Chuck Schumar"	"alright23"	"2018-01-13"	"Barack Obama"	"Normal"	"Full"	"Finished"	34	"E. Coli"	"Illumina"	"38S"	"Unusual"	"2018-03-13"	"Barack Obama"	"Protocol9"	"Qiime"	2	"Things23"	"Nothing"	"2015-02-03"	"Barack Obama"	"Normal"	"Illumina"	"0.5.23"	"Alot"	"GCGTTACACACA"	"2018-01-13"	"12:22"	"2_R_Palm_3_17_2009"	"GTGCCAGCMGCCGCGGTAA"	"L4S112"	"Chuck"	"https://github.com/clementelab/mmeds-meta"	"Nice"	"Good_Study"	1927	63	23	"French"	"F"	146	"scraping"
168	"No"	"here24"	"right palm"	"Mountain"	33257	66369	"Grassland"	"Earth"	-32967	145	"Diamond"	"Mount Sinai"	"Charles"	"American"	"Illuminater"	"Lucy"	"2018-12-24"	"2017-03-16"	"IBD"	"2018-03-17"	"2018-03-16"	"Heart Transplant"	"Some.guy@gmail.com"	"GTGCCAGCMGCCGCGGTAA"	"Chuck Schumar"	"alright24"	"2018-01-12"	"Barack Obama"	"Normal"	"Full"	"Finished"	35	"E. Coli"	"Illumina"	"39S"	"Different"	"2018-03-12"	"NA"	"Protocol9"	"Qiime"	2	"Things24"	"Nothing"	"2015-02-04"	"Barack Obama"	"Normal"	"Illumina"	"0.5.24"	"Alot"	"CATCGTATCAAC"	"2018-01-12"	"12:23"	"1_R_Palm_4_14_2009"	"GTGCCAGCMGCCGCGGTAA"	"L3S360"	"Chuck"	"https://github.com/clementelab/mmeds-meta"	"Nice"	"Good_Study"	1928	63	24	"French"	"F"	147	"scraping"
168	"No"	"here25"	"right palm"	"Mountain"	33258	66370	"Grassland"	"Earth"	-32966	146	"Diamond"	"Mount Sinai"	"Charles"	"American"	"Illuminater"	"Lucy"	"2018-12-25"	"2017-03-17"	"IBD"	"2018-03-18"	"2018-03-17"	"Heart Transplant"	"Some.guy@gmail.com"	"GTGCCAGCMGCCGCGGTAA"	"Chuck Schumar"	"alright25"	"2018-01-11"	"Barack Obama"	"Normal"	"Full"	"Finished"	36	"E. Coli"	"Illumina"	"40S"	"Basic"	"2018-03-11"	"Barack Obama"	"Protocol10"	"Qiime"	2	"Things25"	"Nothing"	"2015-02-05"	"Barack Obama"	"Normal"	"Illumina"	"0.5.25"	"Alot"	"GAACTGTATCTC"	"2018-01-11"	"12:24"	"2_R_Palm_4_14_2009"	"GTGCCAGCMGCCGCGGTAA"	"L4S137"	"Chuck"	"https://github.com/clementelab/mmeds-meta"	"Nice"	"Good_Study"	1929	63	25	"French"	"F"	148	"scraping"
0	"Yes"	"here26"	"tongue"	"Mountain"	33259	66371	"Grassland"	"Earth"	-32965	147	"Diamond"	"Mount Sinai"	"Charles"	"American"	"Illuminater"	"Lucy"	"2018-12-26"	"2017-03-18"	"IBD"	"2018-03-19"	"2018-03-18"	"Heart Transplant"	"Some.guy@gmail.com"	"GTGCCAGCMGCCGCGGTAA"	"Chuck Schumar"	"alright26"	"2018-01-10"	"Barack Obama"	"Normal"	"Full"	"Finished"	37	"E. Coli"	"Illumina"	"41S"	"Basics"	"2018-03-10"	"Barack Obama"	"Protocol10"	"Qiime"	2	"Things26"	"Nothing"	"2015-02-06"	"Barack Obama"	"Normal"	"Illumina"	"0.5.26"	"Alot"	"CAGTGTCAGGAC"	"2018-01-10"	"12:25"	"1_Tong_10_28_2008"	"GTGCCAGCMGCCGCGGTAA"	"L5S104"	"Chuck"	"https://github.com/clementelab/mmeds-meta"	"Nice"	"Good_Study"	1930	63	26	"French"	"F"	149	"scraping"
0	"Yes"	"here27"	"tongue"	"Mountain"	33260	66372	"Grassland"	"Earth"	-32964	148	"Diamond"	"Mount Sinai"	"Charles"	"American"	"Illuminater"	"Lucy"	"2018-12-27"	"2017-03-19"	"IBD"	"2018-03-20"	"2018-03-19"	"Heart Transplant"	"Some.guy@gmail.com"	"GTGCCAGCMGCCGCGGTAA"	"Chuck Schumtr"	"alright27"	"2018-01-9"	"NA"	"Normal"	"Full"	"Finished"	38	"E. Coli"	"Illumina"	"42S"	"Complicated"	"2018-03-9"	"Barack Obama"	"Protocol10"	"Qiime"	2	"Things27"	"Nothing"	"2015-02-07"	"Barack Obama"	"Normal"	"Illumina"	"0.5.27"	"Alot"	"CTGGACTCATAG"	"2018-01-9"	"12:26"	"2_Tong_10_28_2008"	"GTGCCAGCMGCCGCGGTAA"	"L5S240"	"Chuck"	"https://github.com/clementelab/mmeds-meta"	"Nice"	"Good_Study"	1931	63	27	"French"	"F"	150	"scraping"
84	"No"	"here28"	"tongue"	"Mountain"	33261	66373	"Grassland"	"Earth"	-32963	149	"Diamond"	"Mount Sinai"	"Charles"	"American"	"Illuminater"	"Lucy"	"2018-12-28"	"2017-03-20"	"IBD"	"2018-03-21"	"2018-03-20"	"Heart Transplant"	"Some.guy@gmail.com"	"GTGCCAGCMGCCGCGGTAA"	"Chuck Schumar"	"alright28"	"2018-01-8"	"Barack Obama"	"Normal"	"Full"	"Finished"	39	"E. Coli"	"Illumina"	"43S"	"Complex"	"2018-03-8"	"Barack Obama"	"Protocol11"	"Qiime"	2	"Things28"	"Nothing"	"2015-02-08"	"Barack Obama"	"Normal"	"Illumina"	"0.5.28"	"Alot"	"ATCTTAGACTGC"	"2018-01-8"	"12:27"	"1_Tong_1_20_2009"	"GTGCCAGCMGCCGCGGTAA"	"L5S155"	"Chuck"	"https://github.com/clementelab/mmeds-meta"	"Nice"	"Good_Study"	1932	63	28	"French"	"F"	151	"scraping"
84	"No"	"here29"	"tongue"	"Mountain"	33262	66374	"Grassland"	"Earth"	-32962	150	"Diamond"	"Mount Sinai"	"Charles"	"American"	"Illuminater"	"Lucy"	"2018-12-29"	"2017-03-21"	"IBD"	"2018-03-22"	"2018-03-21"	"Heart Transplant"	"Some.guy@gmail.com"	"GTGCCAGCMGCCGCGGTAA"	"Chuck Schumar"	"alright29"	"2018-01-7"	"Barack Obama"	"Normal"	"Full"	"Finished"	40	"E. Coli"	"Illumina"	"44S"	"Strange"	"2018-03-7"	"Barack Obama"	"Protocol11"	"Qiime"	2	"Things29"	"Nothing"	"2015-02-09"	"Barack Obama"	"Normal"	"Illumina"	"0.5.29"	"Alot"	"GAGGCTCATCAT"	"2018-01-7"	"12:28"	"2_Tong_1_20_2009"	"GTGCCAGCMGCCGCGGTAA"	"L6S20"	"Chuck"	"https://github.com/clementelab/mmeds-meta"	"Nice"	"Good_Study"	1933	63	29	"French"	"F"	152	"scraping"
112	"No"	"here30"	"tongue"	"Mountain"	33263	66375	"Grassland"	"Earth"	-32961	151	"Diamond"	"Mount Sinai"	"Charles"	"American"	"Illuminater"	"Lucy"	"2018-12-30"	"2017-03-22"	"IBD"	"2018-03-23"	"2018-03-22"	"Heart Transplant"	"Some.guy@gmail.com"	"GTGCCAGCMGCCGCGGTAA"	"Chuck Schumar"	"alright30"	"2018-01-6"	"Barack Obama"	"Normal"	"Full"	"Finished"	41	"E. Coli"	"Illumina"	"45S"	"Odd"	"2018-03-6"	"Barack Obama"	"Protocol11"	"Qiime"	2	"Things30"	"Nothing"	"2015-02-10"	"Barack Obama"	"Normal"	"Illumina"	"0.5.30"	"Alot"	"CAGACATTGCGT"	"2018-01-6"	"12:29"	"1_Tong_2_17_2009"	"GTGCCAGCMGCCGCGGTAA"	"L5S174"	"Chuck"	"https://github.com/clementelab/mmeds-meta"	"Nice"	"Good_Study"	1934	63	30	"French"	"F"	153	"scraping"
140	"No"	"here31"	"tongue"	"Mountain"	33264	66376	"Grassland"	"Earth"	-32960	152	"Diamond"	"Mount Sinai"	"Charles"	"American"	"Illuminater"	"Lucy"	"2018-12-31"	"2017-03-23"	"IBD"	"2018-03-24"	"2018-03-23"	"Heart Transplant"	"Some.guy@gmail.com"	"GTGCCAGCMGCCGCGGTAA"	"Chuck Schumar"	"alright31"	"2018-01-5"	"Barack Obama"	"Normal"	"Full"	"Finished"	42	"E. Coli"	"Illumina"	"46S"	"Unusual"	"2018-03-5"	"Barack Obama"	"Protocol12"	"Qiime"	2	"Things31"	"Nothing"	"2015-02-11"	"Barack Obama"	"Normal"	"Illumina"	"0.5.31"	"Alot"	"CGATGCACCAGA"	"2018-01-5"	"12:30"	"1_Tong_3_17_2009"	"GTGCCAGCMGCCGCGGTAA"	"L5S203"	"Chuck"	"https://github.com/clementelab/mmeds-meta"	"Nice"	"Good_Study"	1935	63	31	"French"	"F"	154	"scraping"
140	"No"	"here32"	"tongue"	"Mountain"	33265	66377	"Grassland"	"Earth"	-32959	153	"Diamond"	"Mount Sinai"	"Charles"	"American"	"Illuminater"	"Lucy"	"2019-01-01"	"2017-03-24"	"IBD"	"2018-03-25"	"2018-03-24"	"Heart Transplant"	"Some.guy@gmail.com"	"GTGCCAGCMGCCGCGGTAA"	"Chuck Schumar"	"alright32"	"2018-01-4"	"Barack Obama"	"Normal"	"Full"	"Finished"	43	"E. Coli"	"Illumina"	"47S"	"Different"	"2018-03-4"	"Barack Obama"	"Protocol12"	"Qiime"	2	"Things32"	"Nothing"	"2015-02-12"	"Barack Obama"	"Normal"	"Illumina"	"0.5.32"	"Alot"	"GATACGTCCTGA"	"2018-01-4"	"12:31"	"2_Tong_3_17_2009"	"GTGCCAGCMGCCGCGGTAA"	"L6S68"	"Chuck"	"https://github.com/clementelab/mmeds-meta"	"Nice"	"Good_Study"	1936	63	32	"French"	"F"	155	"scraping"
168	"No"	"here33"	"tongue"	"Mountain"	33266	66378	"Grassland"	"Earth"	-32958	154	"Diamond"	"Mount Sinai"	"Charles"	"American"	"Illuminater"	"Lucy"	"2019-01-02"	"2017-03-25"	"IBD"	"2018-03-26"	"2018-03-25"	"Heart Transplant"	"Some.guy@gmail.com"	"GTGCCAGCMGCCGCGGTAA"	"Chuck Schumar"	"alright33"	"2018-01-3"	"Barack Obama"	"Normal"	"Full"	"Finished"	44	"E. Coli"	"Illumina"	"48S"	"Basic"	"2018-03-3"	"Barack Obama"	"Protocol12"	"Qiime"	2	"Things33"	"Nothing"	"2015-02-13"	"Barack Obama"	"Normal"	"Illumina"	"0.5.33"	"Alot"	"CTAGAGACTCTT"	"2018-01-3"	"12:32"	"1_Tong_4_14_2009"	"GTGCCAGCMGCCGCGGTAA"	"L5S222"	"Chuck"	"https://github.com/clementelab/mmeds-meta"	"Nice"	"Good_Study"	1937	63	33	"French"	"F"	156	"scraping"
168	"No"	"here34"	"tongue"	"Mountain"	33267	66379	"Grassland"	"Earth"	-32957	155	"Diamond"	"Mount Sinai"	"Charles"	"American"	"Illuminater"	"Lucy"	"2019-01-03"	"2017-03-26"	"IBD"	"2018-03-27"	"2018-03-26"	"Heart Transplant"	"Some.guy@gmail.com"	"GTGCCAGCMGCCGCGGTAA"	"Chuck Schumar"	"alright34"	"2018-01-2"	"Barack Obama"	"Normal"	"Full"	"Finished"	45	"E. Coli"	"Illumina"	"49S"	"Basics"	"2018-03-2"	"Barack Obama"	"Protocol12"	"Qiime"	2	"Things34"	"Nothing"	"2015-02-14"	"Barack Obama"	"Normal"	"Illumina"	"0.5.34"	"Alot"	"GATTAGCACTCT"	"2018-01-2"	"12:33"	"2_Tong_4_14_2009"	"GTGCCAGCMGCCGCGGTAA"	"L6S93"	"Chuck"	"https://github.com/clementelab/mmeds-meta"	"Nice"	"Good_Study"	1938	63	34	"French"	"F"	157	"scraping"
